{
    "club1_possession": 0.2857142857142857,
    "club2_possession": 0.7142857142857143,
    "total_frames": 15
}