{
    "club1_possession": 0.09210526315789473,
    "club2_possession": 0.9078947368421053,
    "total_frames": 46
}