{
    "club1_possession": 0.17647058823529413,
    "club2_possession": 0.8235294117647058,
    "total_frames": 25
}